{
  "aerosol_cans": {
    "precision": 0.7888446215139442,
    "recall": 0.9658536585365853,
    "f1-score": 0.868421052631579,
    "support": 205.0
  },
  "aluminum_food_cans": {
    "precision": 0.9288939051918735,
    "recall": 0.9288939051918735,
    "f1-score": 0.9288939051918735,
    "support": 886.0
  },
  "aluminum_soda_cans": {
    "precision": 0.835820895522388,
    "recall": 0.875,
    "f1-score": 0.8549618320610687,
    "support": 64.0
  },
  "cardboard_boxes": {
    "precision": 0.9306466729147141,
    "recall": 0.9350282485875706,
    "f1-score": 0.9328323156411461,
    "support": 1062.0
  },
  "cardboard_packaging": {
    "precision": 0.5054945054945055,
    "recall": 0.71875,
    "f1-score": 0.5935483870967742,
    "support": 64.0
  },
  "clothing": {
    "precision": 0.9881656804733728,
    "recall": 0.9958258795468098,
    "f1-score": 0.991980991980992,
    "support": 1677.0
  },
  "coffee_grounds": {
    "precision": 0.9555555555555556,
    "recall": 0.9772727272727273,
    "f1-score": 0.9662921348314607,
    "support": 88.0
  },
  "disposable_plastic_cutlery": {
    "precision": 0.95,
    "recall": 0.987012987012987,
    "f1-score": 0.9681528662420382,
    "support": 77.0
  },
  "eggshells": {
    "precision": 0.9318181818181818,
    "recall": 0.9761904761904762,
    "f1-score": 0.9534883720930233,
    "support": 84.0
  },
  "food_waste": {
    "precision": 0.9917550058892816,
    "recall": 0.9711649365628604,
    "f1-score": 0.9813519813519813,
    "support": 5202.0
  },
  "glass_beverage_bottles": {
    "precision": 0.4251207729468599,
    "recall": 0.6048109965635738,
    "f1-score": 0.49929078014184397,
    "support": 291.0
  },
  "glass_cosmetic_containers": {
    "precision": 0.948051948051948,
    "recall": 0.9605263157894737,
    "f1-score": 0.954248366013072,
    "support": 76.0
  },
  "glass_food_jars": {
    "precision": 0.8771769019248395,
    "recall": 0.8089602704987321,
    "f1-score": 0.841688654353562,
    "support": 1183.0
  },
  "magazines": {
    "precision": 0.948051948051948,
    "recall": 0.9125,
    "f1-score": 0.9299363057324841,
    "support": 80.0
  },
  "newspaper": {
    "precision": 0.7439024390243902,
    "recall": 0.8970588235294118,
    "f1-score": 0.8133333333333334,
    "support": 68.0
  },
  "office_paper": {
    "precision": 0.9501495513459621,
    "recall": 0.9626262626262626,
    "f1-score": 0.9563472152533868,
    "support": 990.0
  },
  "paper_cups": {
    "precision": 0.8533333333333334,
    "recall": 0.9014084507042254,
    "f1-score": 0.8767123287671232,
    "support": 71.0
  },
  "plastic_cup_lids": {
    "precision": 0.8941176470588236,
    "recall": 0.95,
    "f1-score": 0.9212121212121213,
    "support": 80.0
  },
  "plastic_detergent_bottles": {
    "precision": 0.8316831683168316,
    "recall": 0.8076923076923077,
    "f1-score": 0.8195121951219512,
    "support": 208.0
  },
  "plastic_food_containers": {
    "precision": 0.9845505617977528,
    "recall": 0.956778889899909,
    "f1-score": 0.970466082141209,
    "support": 4396.0
  },
  "plastic_shopping_bags": {
    "precision": 0.8947368421052632,
    "recall": 0.9577464788732394,
    "f1-score": 0.9251700680272109,
    "support": 71.0
  },
  "plastic_soda_bottles": {
    "precision": 0.7922077922077922,
    "recall": 0.8133333333333334,
    "f1-score": 0.8026315789473685,
    "support": 75.0
  },
  "plastic_straws": {
    "precision": 0.9859154929577465,
    "recall": 0.9210526315789473,
    "f1-score": 0.9523809523809523,
    "support": 76.0
  },
  "plastic_trash_bags": {
    "precision": 0.9230769230769231,
    "recall": 0.9230769230769231,
    "f1-score": 0.9230769230769231,
    "support": 78.0
  },
  "plastic_water_bottles": {
    "precision": 0.9504289799809342,
    "recall": 0.9577329490874159,
    "f1-score": 0.9540669856459331,
    "support": 1041.0
  },
  "shoes": {
    "precision": 0.9348127600554785,
    "recall": 0.975397973950796,
    "f1-score": 0.9546742209631728,
    "support": 691.0
  },
  "steel_food_cans": {
    "precision": 0.6635514018691588,
    "recall": 0.8352941176470589,
    "f1-score": 0.7395833333333334,
    "support": 85.0
  },
  "styrofoam_cups": {
    "precision": 0.9523809523809523,
    "recall": 0.9375,
    "f1-score": 0.9448818897637795,
    "support": 64.0
  },
  "styrofoam_food_containers": {
    "precision": 0.9459459459459459,
    "recall": 0.9859154929577465,
    "f1-score": 0.9655172413793104,
    "support": 71.0
  },
  "tea_bags": {
    "precision": 0.8817204301075269,
    "recall": 0.9425287356321839,
    "f1-score": 0.9111111111111111,
    "support": 87.0
  },
  "accuracy": 0.9438799437236205,
  "macro avg": {
    "precision": 0.8729303605638078,
    "recall": 0.911431125744781,
    "f1-score": 0.889858850860704,
    "support": 19191.0
  },
  "weighted avg": {
    "precision": 0.9489270620590156,
    "recall": 0.9438799437236205,
    "f1-score": 0.9457294260191312,
    "support": 19191.0
  }
}